Fund Name,P1,P2,P3,P4,P5,Topsis Score,Rank
M1,0.71,0.5,5.5,44.5,12.8,0.3950173957325478,7
M2,0.91,0.83,5.7,37.2,11.16,0.5457676383380238,1
M3,0.75,0.56,3.8,57.6,15.68,0.5353815917772929,3
M4,0.88,0.77,5.9,48.1,13.91,0.5307442688862103,4
M5,0.8,0.64,3.5,30.3,8.81,0.5406779637350764,2
M6,0.74,0.55,5.3,69.7,19.07,0.4782307704312581,6
M7,0.87,0.76,5.8,32.2,9.91,0.5078202009472629,5
M8,0.64,0.41,6.5,63.0,17.64,0.3710845512047762,8
